account_id,churn_flag,churn_probability,risk_level,plan_tier,industry,mrr_amount,arr_amount,billing_frequency,expected_mrr_at_risk,expected_arr_at_risk
A-2e4581,False,0.3365804389373149,Medium,Basic,EdTech,836,10032,monthly,281.38124695159524,3376.574963419143
A-43a9e3,True,0.4434628929104178,Medium,Basic,FinTech,882,10584,monthly,391.1342715469885,4693.611258563862
A-0a282f,False,0.6568072436558366,Medium,Basic,DevTools,98,1176,annual,64.36710987827199,772.4053185392639
A-1f0ac7,False,0.324267057470057,Medium,Basic,HealthTech,1176,14112,monthly,381.33805958478706,4576.056715017445
A-ce550d,True,0.7946066353123872,High,Enterprise,HealthTech,21691,260292,monthly,17235.81252656099,206829.75031873188
A-1b9609,False,0.3787171071135779,Medium,Enterprise,EdTech,0,0,annual,0.0,0.0
A-a0ca4e,False,0.4459518139805035,Medium,Pro,Cybersecurity,5174,62088,monthly,2307.354685535125,27688.2562264215
A-e5d6ab,False,0.2709385458197732,Low,Pro,EdTech,1568,18816,annual,424.8316398454044,5097.979678144853
A-7dacce,True,0.4364726111995549,Medium,Enterprise,Cybersecurity,0,0,annual,0.0,0.0
A-10b8da,True,0.3024591814439517,Medium,Enterprise,DevTools,1666,19992,monthly,503.8969962856235,6046.763955427482
A-592832,True,0.4405504772687067,Medium,Basic,Cybersecurity,882,10584,annual,388.5655209509993,4662.7862514119915
A-d40bf7,False,0.3977247292954007,Medium,Basic,FinTech,1121,13452,monthly,445.8494215401442,5350.19305848173
A-6c093d,False,0.6214244392239666,Medium,Basic,DevTools,0,0,annual,0.0,0.0
A-462d45,False,0.3245855269308421,Medium,Enterprise,Cybersecurity,1470,17640,annual,477.1407245883379,5725.688695060055
A-956988,False,0.3428372916113839,Medium,Enterprise,EdTech,6368,76416,annual,2183.1878729812925,26198.25447577551
A-ac14bb,False,0.1157211204290245,Low,Enterprise,FinTech,532,6384,annual,61.56363606824103,738.7636328188923
A-463db0,False,0.7284915276457621,High,Basic,HealthTech,735,8820,annual,535.4412728196352,6425.295273835622
A-ce66f8,False,0.3827844148553754,Medium,Pro,EdTech,1421,17052,annual,543.9366535094885,6527.239842113861
A-c4ea60,True,0.3030280000494459,Medium,Enterprise,FinTech,3582,42984,monthly,1085.4462961771153,13025.355554125383
A-832ec2,False,0.5690377206034625,Medium,Enterprise,FinTech,4378,52536,annual,2491.2471408019587,29894.965689623503
A-684255,False,0.3864118299594272,Medium,Enterprise,FinTech,0,0,annual,0.0,0.0
A-c42f1f,False,0.3652241468721384,Medium,Pro,HealthTech,152,1824,monthly,55.51407032456503,666.1688438947804
A-4e44e8,True,0.6671780525484906,Medium,Enterprise,DevTools,3383,40596,annual,2257.0633517715437,27084.760221258526
A-30b4ca,True,0.376358617932638,Medium,Basic,EdTech,1634,19608,annual,614.9699817019305,7379.639780423166
A-9f2731,False,0.57044382143848,Medium,Enterprise,FinTech,0,0,annual,0.0,0.0
A-32fb14,True,0.7692745843040619,High,Enterprise,DevTools,5174,62088,annual,3980.2266991892166,47762.720390270595
A-00cac8,False,0.2268966163405309,Low,Enterprise,HealthTech,931,11172,annual,211.24074981303428,2534.8889977564113
A-35083d,True,0.2883376304406055,Low,Basic,HealthTech,9751,117012,monthly,2811.5802344263443,33738.96281311613
A-eb7fac,False,0.3261264585203582,Medium,Enterprise,DevTools,494,5928,monthly,161.10647050905695,1933.2776461086835
A-b20d99,False,0.1203910525659086,Low,Basic,HealthTech,3980,47760,monthly,479.1563892123162,5749.876670547795
A-396e5f,False,0.6784143386978622,Medium,Enterprise,Cybersecurity,1666,19992,monthly,1130.2382882706383,13562.85945924766
A-45ce7a,False,0.2563418646903873,Low,Enterprise,FinTech,3184,38208,monthly,816.1924971741931,9794.309966090317
A-08e34e,True,0.7746125416683408,High,Basic,EdTech,2786,33432,monthly,2158.0705410879973,25896.84649305597
A-8145a0,False,0.4088128454471812,Medium,Basic,Cybersecurity,285,3420,monthly,116.51166095244665,1398.1399314293596
A-bad8c1,False,0.4931398024712693,Medium,Basic,FinTech,1813,21756,monthly,894.0624618804113,10728.749542564936
A-44dc83,False,0.305165626337662,Medium,Basic,EdTech,0,0,annual,0.0,0.0
A-f446b6,False,0.5968155952674927,Medium,Pro,DevTools,95,1140,annual,56.69748155041181,680.3697786049418
A-a45270,False,0.4036336420106194,Medium,Enterprise,HealthTech,0,0,annual,0.0,0.0
A-854864,False,0.6870070042029148,Medium,Enterprise,FinTech,980,11760,annual,673.2668641188566,8079.202369426278
A-1b7577,False,0.5835406030410101,Medium,Pro,Cybersecurity,2009,24108,monthly,1172.3330715093891,14067.99685811267
A-05f0e5,False,0.3190158957285933,Medium,Basic,FinTech,2842,34104,annual,906.6431756606621,10879.718107927945
A-9077b0,False,0.4147176460351142,Medium,Basic,HealthTech,0,0,monthly,0.0,0.0
A-7f8241,True,0.2259628162406803,Low,Pro,EdTech,6766,81192,monthly,1528.8644146844429,18346.372976213315
A-2bc93d,False,0.568774061972765,Medium,Basic,HealthTech,1715,20580,monthly,975.447516283292,11705.370195399504
A-f3ff05,False,0.5205508549377215,Medium,Enterprise,FinTech,570,6840,monthly,296.71398731450125,3560.567847774015
A-2d4502,False,0.4852132538375429,Medium,Basic,FinTech,6766,81192,annual,3282.952875464815,39395.43450557778
A-6a4e2d,False,0.2536306934785505,Low,Pro,EdTech,686,8232,annual,173.99065572628564,2087.887868715428
A-eb7c38,False,0.4988827886664889,Medium,Enterprise,DevTools,627,7524,annual,312.79950849388854,3753.5941019266625
A-c37601,False,0.5672389813287214,Medium,Basic,EdTech,10746,128952,monthly,6095.55009335844,73146.60112030129
A-3b5cd1,False,0.7030630255347231,High,Basic,FinTech,6368,76416,annual,4477.105346605117,53725.2641592614
A-b2225d,True,0.4341614718895309,Medium,Basic,FinTech,893,10716,annual,387.7061943973511,4652.474332768214
A-94f8c9,False,0.2891874212539946,Low,Basic,HealthTech,2587,31044,monthly,748.1278587840841,8977.534305409008
A-02fac6,False,0.3386077754916104,Medium,Pro,FinTech,1078,12936,monthly,365.01918197995604,4380.230183759472
A-c1dfe1,False,0.26896264127691,Low,Pro,DevTools,494,5928,monthly,132.86754479079354,1594.4105374895225
A-32728c,True,0.7473064006173189,High,Pro,DevTools,798,9576,annual,596.3505076926205,7156.206092311446
A-4c38bc,True,0.7308095342687085,High,Basic,HealthTech,1764,21168,annual,1289.148018450002,15469.776221400023
A-1b707d,False,0.4413197221122251,Medium,Enterprise,Cybersecurity,0,0,annual,0.0,0.0
A-6f8ad2,False,0.3909764228221033,Medium,Basic,EdTech,779,9348,annual,304.5706333784185,3654.8476005410216
A-4d1e75,False,0.6819609940069337,Medium,Basic,DevTools,0,0,monthly,0.0,0.0
A-9ee962,True,0.7743769701594954,High,Basic,HealthTech,171,2052,annual,132.41846189727372,1589.0215427672845
A-378b99,False,0.463366852867837,Medium,Pro,EdTech,784,9408,annual,363.2796126483842,4359.35535178061
A-94d3da,False,0.3112230935545267,Medium,Basic,HealthTech,779,9348,monthly,242.4427898789763,2909.3134785477155
A-e351e1,False,0.5173035910124013,Medium,Enterprise,EdTech,627,7524,annual,324.34935156477565,3892.1922187773075
A-9badbd,False,0.5176753072048054,Medium,Enterprise,Cybersecurity,11741,140892,monthly,6078.02578189162,72936.30938269944
A-7e0a10,False,0.2564267774129244,Low,Enterprise,FinTech,13930,167160,annual,3572.025009362037,42864.30011234444
A-118d55,False,0.5140744088741118,Medium,Basic,Cybersecurity,5771,69252,monthly,2966.7234136124994,35600.680963349994
A-526d93,False,0.4125030674530768,Medium,Basic,HealthTech,8557,102684,annual,3529.7887481959783,42357.46497835174
A-f92792,False,0.4989778390714139,Medium,Pro,FinTech,361,4332,annual,180.13099990478042,2161.571998857365
A-84ebe4,True,0.8896799626054841,High,Pro,FinTech,7164,85968,monthly,6373.667252105688,76484.00702526826
A-5b4ebb,True,0.6142470747076395,Medium,Basic,Cybersecurity,1470,17640,annual,902.9431998202301,10835.31839784276
A-2922b6,False,0.5911445386026056,Medium,Basic,HealthTech,980,11760,annual,579.3216478305535,6951.859773966642
A-9b9fe9,False,0.4040685543932634,Medium,Basic,EdTech,9950,119400,monthly,4020.4821162129706,48245.78539455565
A-a8b49c,False,0.143388944204242,Low,Basic,Cybersecurity,343,4116,annual,49.18240786205501,590.1888943446601
A-9174e0,False,0.2302195372149487,Low,Basic,Cybersecurity,7363,88356,annual,1695.1064525136674,20341.277430164006
A-a1bbb6,False,0.401467891425318,Medium,Basic,DevTools,0,0,annual,0.0,0.0
A-c45b23,False,0.2956166004146273,Low,Basic,FinTech,5174,62088,annual,1529.5202905452816,18354.24348654338
A-02cd81,False,0.626425587050878,Medium,Basic,HealthTech,2156,25872,annual,1350.573565681693,16206.882788180317
A-ee42db,False,0.3688580081046228,Medium,Enterprise,EdTech,570,6840,monthly,210.24906461963502,2522.98877543562
A-432483,False,0.92863553756499,High,Pro,Cybersecurity,1519,18228,annual,1410.5973815612197,16927.168578734636
A-9208f0,True,0.509890206897656,Medium,Pro,EdTech,0,0,annual,0.0,0.0
A-98a59a,False,0.353760970802789,Medium,Enterprise,FinTech,2744,32928,annual,970.7201038828531,11648.641246594236
A-fe79a5,False,0.4406840598052732,Medium,Basic,HealthTech,1791,21492,annual,789.2651511112443,9471.181813334932
A-726cfa,False,0.5521662723633406,Medium,Pro,DevTools,7562,90744,monthly,4175.481351611582,50105.77621933898
A-c43359,False,0.3332189687331536,Medium,Pro,FinTech,722,8664,monthly,240.5840954253369,2887.0091451040425
A-271f46,True,0.819073160994424,High,Pro,DevTools,9154,109848,monthly,7497.795715742957,89973.54858891548
A-157070,False,0.645367937765684,Medium,Pro,FinTech,722,8664,annual,465.95565106682386,5591.467812801886
A-40a557,False,0.1909162192801588,Low,Pro,Cybersecurity,3184,38208,monthly,607.8772421880257,7294.5269062563075
A-66224b,False,0.6313517491919285,Medium,Pro,HealthTech,0,0,annual,0.0,0.0
A-91e948,False,0.1368114247521527,Low,Basic,EdTech,8159,97908,monthly,1116.2444145528139,13394.932974633766
A-104f1a,False,0.5275406216841825,Medium,Pro,Cybersecurity,646,7752,monthly,340.7912416079819,4089.4948992957825
A-7988d1,False,0.456373445729846,Medium,Basic,Cybersecurity,0,0,monthly,0.0,0.0
A-faa28c,False,0.4337542030466662,Medium,Enterprise,HealthTech,2352,28224,monthly,1020.1898855657588,12242.278626789106
A-f25509,False,0.4083747106208063,Medium,Enterprise,EdTech,1083,12996,annual,442.2698116023333,5307.237739227999
A-3a7284,False,0.4195683175779481,Medium,Enterprise,FinTech,1519,18228,annual,637.3242744009032,7647.891292810838
A-3a5ad8,False,0.4065815080397957,Medium,Enterprise,HealthTech,0,0,annual,0.0,0.0
A-65a46c,False,0.7560084765341916,High,Pro,HealthTech,1715,20580,annual,1296.5545372561385,15558.654447073663
A-8b25f2,True,0.4698467184085601,Medium,Pro,Cybersecurity,2587,31044,monthly,1215.493460522945,14585.92152627534
A-fabe19,False,0.6749333029497308,Medium,Enterprise,DevTools,0,0,monthly,0.0,0.0
A-adc1f3,False,0.2799423754996284,Low,Pro,Cybersecurity,995,11940,monthly,278.54266362213025,3342.5119634655634
A-503d5a,True,0.5925129204428162,Medium,Enterprise,FinTech,11144,133728,annual,6602.9639854147445,79235.56782497693
A-fd7ad3,False,0.4436937113054498,Medium,Enterprise,Cybersecurity,551,6612,monthly,244.47523492930284,2933.7028191516342
A-186a44,False,0.5578581772466047,Medium,Enterprise,HealthTech,380,4560,monthly,211.98610735370977,2543.8332882445175
A-e888d1,False,0.384474484065852,Medium,Pro,Cybersecurity,833,9996,monthly,320.2672452268547,3843.2069427222564
A-69fad4,True,0.3145541466173565,Medium,Basic,FinTech,0,0,monthly,0.0,0.0
A-9289f6,False,0.2520743018039485,Low,Enterprise,EdTech,1225,14700,annual,308.7910197098369,3705.4922365180432
A-f19409,True,0.9890909845041268,High,Basic,DevTools,665,7980,annual,657.7455046952443,7892.946056342932
A-22f2df,False,0.7782408766027258,High,Basic,DevTools,209,2508,annual,162.6523432099697,1951.8281185196363
A-039727,False,0.3377525976247201,Medium,Pro,EdTech,4975,59700,annual,1680.3191731829825,20163.83007819579
A-2e3bad,False,0.0974288411611746,Low,Pro,FinTech,1159,13908,monthly,112.92002690580136,1355.0403228696164
A-484819,False,0.1738697216566604,Low,Pro,HealthTech,3582,42984,monthly,622.8013429741576,7473.616115689891
A-425e76,True,0.635663712502294,Medium,Enterprise,DevTools,1791,21492,annual,1138.4737090916085,13661.684509099303
A-e83938,True,0.4568747219208501,Medium,Pro,DevTools,1026,12312,annual,468.7534646907922,5625.041576289506
A-ad296b,False,0.6181062865851744,Medium,Pro,DevTools,1862,22344,annual,1150.9139056215947,13810.966867459138
A-e51ec7,False,0.1420719567289543,Low,Enterprise,FinTech,1990,23880,monthly,282.7231938906191,3392.678326687429
A-0aaf6e,False,0.3615454073207141,Medium,Enterprise,FinTech,3582,42984,monthly,1295.055649022798,15540.667788273575
A-e61e98,True,0.725443650988591,High,Enterprise,FinTech,6766,81192,annual,4908.351742588807,58900.22091106568
A-92a333,False,0.4615984196300628,Medium,Enterprise,FinTech,171,2052,monthly,78.93332975674075,947.1999570808889
A-95b24a,True,0.3544081547608964,Medium,Pro,FinTech,0,0,annual,0.0,0.0
A-42e5e1,True,0.6491304220945333,Medium,Pro,DevTools,490,5880,annual,318.0739068263213,3816.886881915856
A-7d514c,False,0.3089872350231682,Medium,Enterprise,HealthTech,3383,40596,monthly,1045.303816083378,12543.645793000536
A-65aeb5,False,0.3584427220922342,Medium,Pro,DevTools,171,2052,annual,61.29370547777205,735.5244657332646
A-e2cd1b,False,0.6896653218659734,Medium,Enterprise,DevTools,3184,38208,annual,2195.8943848212593,26350.732617855112
A-180abf,True,0.6170886253539596,Medium,Pro,DevTools,3136,37632,monthly,1935.1899291100171,23222.279149320206
A-f17767,True,0.9838810102028736,High,Enterprise,DevTools,735,8820,annual,723.1525424991121,8677.830509989344
A-5a184f,True,0.9066475272675336,High,Enterprise,DevTools,684,8208,annual,620.1469086509929,7441.762903811916
A-7df7a7,True,0.7239930117618405,High,Basic,DevTools,5970,71640,annual,4322.238280218187,51866.859362618256
A-1ac5e0,True,0.7819003927110161,High,Basic,DevTools,0,0,monthly,0.0,0.0
A-52dd88,False,0.1358820864431142,Low,Pro,Cybersecurity,1470,17640,annual,199.74666707137786,2396.9600048565344
A-bece89,False,0.4703381108232224,Medium,Pro,Cybersecurity,1862,22344,annual,875.7695623528401,10509.234748234081
A-029f69,False,0.4362478733793232,Medium,Basic,Cybersecurity,646,7752,annual,281.81612620304276,3381.7935144365133
A-5c046d,False,0.4093740882937868,Medium,Basic,EdTech,18507,222084,annual,7576.286252053113,90915.43502463735
A-fb186e,False,0.2769399712375407,Low,Basic,EdTech,0,0,annual,0.0,0.0
A-ae052e,False,0.2060303324236485,Low,Basic,FinTech,0,0,annual,0.0,0.0
A-9f9299,False,0.5598894608041768,Medium,Enterprise,FinTech,1372,16464,annual,768.1683402233306,9218.020082679966
A-96e141,False,0.6641510761660568,Medium,Basic,DevTools,4975,59700,monthly,3304.151603926133,39649.81924711359
A-117171,True,0.5809987430203885,Medium,Basic,HealthTech,2205,26460,annual,1281.1022283599566,15373.226740319478
A-313be3,False,0.2167097159903279,Low,Enterprise,EdTech,2303,27636,monthly,499.08247592572513,5988.989711108702
A-671f31,False,0.7200818916670142,High,Basic,DevTools,0,0,annual,0.0,0.0
A-bbc346,False,0.4447688259061698,Medium,Enterprise,FinTech,0,0,annual,0.0,0.0
A-c16101,False,0.5631188003986335,Medium,Basic,EdTech,343,4116,monthly,193.1497485367313,2317.7969824407755
A-50f3f7,True,0.4244312281566152,Medium,Basic,HealthTech,6169,74028,annual,2618.316246498159,31419.794957977912
A-7da956,False,0.5130663910658183,Medium,Pro,Cybersecurity,2985,35820,monthly,1531.5031773314677,18378.038127977612
A-019782,False,0.809209500151691,High,Enterprise,DevTools,0,0,annual,0.0,0.0
A-df10db,False,0.6249074726811108,Medium,Enterprise,DevTools,2388,28656,monthly,1492.2790447624925,17907.348537149912
A-3932db,True,0.6335877540557063,Medium,Pro,HealthTech,0,0,monthly,0.0,0.0
A-4f18f0,False,0.575708220418359,Medium,Pro,DevTools,456,5472,monthly,262.5229485107717,3150.2753821292604
A-4c6f11,True,0.4555572858195122,Medium,Pro,FinTech,456,5472,monthly,207.73412233369757,2492.809468004371
A-8ae05d,False,0.496261374840531,Medium,Enterprise,FinTech,0,0,monthly,0.0,0.0
A-b78bf8,False,0.8070528427598164,High,Pro,DevTools,1617,19404,monthly,1305.004446742623,15660.053360911477
A-eafc6e,True,0.1609724711118682,Low,Pro,DevTools,0,0,monthly,0.0,0.0
A-37f969,False,0.2181851796803411,Low,Enterprise,HealthTech,5970,71640,annual,1302.5655226916363,15630.786272299636
A-10b8f2,False,0.6862398688303052,Medium,Basic,HealthTech,2352,28224,annual,1614.0361714888777,19368.434057866532
A-439b2f,True,0.5001423654085948,Medium,Enterprise,DevTools,1274,15288,monthly,637.1813735305498,7646.176482366597
A-544d0a,False,0.6481450201400972,Medium,Basic,DevTools,398,4776,annual,257.9617180157587,3095.540616189104
A-ba6516,False,0.4579096108246303,Medium,Pro,FinTech,5373,64476,annual,2460.3483389607386,29524.18006752886
A-712426,False,0.7775759776224741,High,Enterprise,HealthTech,0,0,annual,0.0,0.0
A-038089,True,0.4507830356960849,Medium,Pro,DevTools,95,1140,annual,42.82438839112807,513.8926606935368
A-afa505,False,0.4541291827609845,Medium,Basic,DevTools,13930,167160,monthly,6326.019515860515,75912.23419032617
A-d5a319,True,0.2438466852437082,Low,Enterprise,FinTech,2985,35820,annual,727.882355452469,8734.588265429627
A-f97b9a,False,0.5178211138591454,Medium,Pro,FinTech,784,9408,annual,405.97175326557,4871.66103918684
A-2f6a32,False,0.4291885913782202,Medium,Basic,HealthTech,361,4332,annual,154.93708148753748,1859.24497785045
A-856b1e,False,0.4101914840773356,Medium,Basic,FinTech,0,0,monthly,0.0,0.0
A-17939a,False,0.4608706678550052,Medium,Basic,HealthTech,266,3192,annual,122.59159764943138,1471.0991717931765
A-d27f50,False,0.3419620954059146,Medium,Enterprise,Cybersecurity,836,10032,annual,285.8803117593446,3430.563741112135
A-e36807,False,0.3439096280840396,Medium,Pro,EdTech,1791,21492,monthly,615.9421438985149,7391.305726782179
A-ff79f2,True,0.5876073928651021,Medium,Basic,DevTools,3781,45372,annual,2221.743552422951,26660.922629075412
A-5b1bcd,False,0.3451256945385441,Medium,Pro,DevTools,3577,42924,annual,1234.5146093643723,14814.175312372467
A-71615e,False,0.3176585865980012,Medium,Basic,EdTech,735,8820,annual,233.4790611495309,2801.7487337943708
A-794a0b,False,0.7829458673008788,High,Basic,HealthTech,6169,74028,monthly,4829.993055379121,57959.916664549455
A-86902e,False,0.4134470812804451,Medium,Enterprise,HealthTech,6766,81192,annual,2797.3829519434917,33568.5954233219
A-0532a9,False,0.5838822100098985,Medium,Pro,FinTech,931,11172,annual,543.5943375192155,6523.132050230586
A-9779ad,True,0.5509537634286109,Medium,Pro,Cybersecurity,7960,95520,monthly,4385.5919568917425,52627.10348270091
A-f45426,False,0.4782633325471794,Medium,Basic,HealthTech,441,5292,monthly,210.9141296533061,2530.9695558396734
A-c1e51e,False,0.4572123560606435,Medium,Basic,FinTech,779,9348,annual,356.16842537124126,4274.021104454895
A-fa3095,False,0.2857134744775767,Low,Basic,FinTech,1330,15960,annual,379.99892105517705,4559.987052662124
A-ad64c6,False,0.3281392139233596,Medium,Pro,DevTools,5572,66864,annual,1828.3916999809596,21940.700399771515
A-39b19f,False,0.0548146349335557,Low,Enterprise,FinTech,247,2964,monthly,13.539214828588257,162.47057794305908
A-56962b,False,0.1443473025449077,Low,Enterprise,EdTech,32437,389244,monthly,4682.193452649171,56186.32143179006
A-e60f9d,False,0.4776099597143728,Medium,Basic,FinTech,722,8664,annual,344.83439091377716,4138.012690965326
A-88c6ca,True,0.7524513931919122,High,Basic,FinTech,1127,13524,annual,848.0127201272851,10176.15264152742
A-158f4e,False,0.0757657737314132,Low,Enterprise,FinTech,12139,145668,monthly,919.7207273256248,11036.648727907499
A-5b051a,False,0.6003015767650527,Medium,Enterprise,Cybersecurity,1078,12936,monthly,647.1250997527268,7765.501197032721
A-296d7c,False,0.5959106703908928,Medium,Enterprise,DevTools,294,3528,annual,175.1977370949225,2102.37284513907
A-1619f8,False,0.4056790899778614,Medium,Pro,DevTools,551,6612,monthly,223.52917857780162,2682.3501429336197
A-a1b80b,False,0.4761655031285832,Medium,Basic,HealthTech,0,0,annual,0.0,0.0
A-139c3b,True,0.7833128853667516,High,Enterprise,HealthTech,0,0,annual,0.0,0.0
A-702032,False,0.3062992967381505,Medium,Pro,HealthTech,1372,16464,annual,420.2426351247425,5042.91162149691
A-7a0d69,True,0.7500679717209454,High,Enterprise,DevTools,3184,38208,monthly,2388.21642195949,28658.597063513884
A-22d9d2,False,0.7565025553897436,High,Pro,DevTools,1568,18816,monthly,1186.196006851118,14234.352082213416
A-b9eed8,False,0.2148717083321412,Low,Basic,Cybersecurity,342,4104,monthly,73.4861242495923,881.8334909951075
A-dfbd31,False,0.5272505715431461,Medium,Enterprise,DevTools,266,3192,monthly,140.24865203047688,1682.9838243657225
A-8e47ca,False,0.2267753518457072,Low,Pro,HealthTech,4975,59700,monthly,1128.2073754323933,13538.488505188721
A-4437e4,False,0.44571326115156,Medium,Enterprise,Cybersecurity,171,2052,annual,76.21696765691676,914.6036118830011
A-779e4e,False,0.2875598863291701,Low,Basic,HealthTech,1862,22344,annual,535.4365083449147,6425.238100138978
A-53f4e3,False,0.2610729958760752,Low,Enterprise,Cybersecurity,1421,17052,monthly,370.9847271399028,4451.816725678834
A-692f18,True,0.4490644981827362,Medium,Basic,EdTech,5572,66864,annual,2502.1873838742063,30026.248606490473
A-13466a,True,0.7807450163124376,High,Basic,DevTools,171,2052,annual,133.50739778942685,1602.088773473122
A-1986ca,False,0.280772200537239,Low,Pro,HealthTech,3980,47760,monthly,1117.4733581382113,13409.680297658535
A-0cc442,False,0.4033753269962567,Medium,Basic,EdTech,8955,107460,annual,3612.226053251479,43346.71263901775
A-c608c8,True,0.8288318432150329,High,Pro,DevTools,1029,12348,annual,852.8679666682689,10234.415600019227
A-3be56b,True,0.7457646253647091,High,Pro,HealthTech,380,4560,annual,283.3905576385895,3400.6866916630734
A-354f12,False,0.7821003235907985,High,Pro,FinTech,133,1596,monthly,104.0193430375762,1248.2321164509144
A-68f37c,False,0.3153211260612861,Medium,Basic,HealthTech,796,9552,monthly,250.99561634478374,3011.9473961374047
A-aa9511,False,0.5598802552665476,Medium,Pro,DevTools,5970,71640,monthly,3342.485123941289,40109.82148729547
A-af0cd2,False,0.3310196223925835,Medium,Enterprise,Cybersecurity,1083,12996,annual,358.4942510511679,4301.931012614015
A-bd4513,False,0.6692841319045335,Medium,Enterprise,DevTools,950,11400,annual,635.8199253093069,7629.839103711682
A-c222ab,True,0.5264654527091014,Medium,Pro,Cybersecurity,1568,18816,monthly,825.497829847871,9905.973958174452
A-34d880,False,0.148267561229018,Low,Enterprise,Cybersecurity,995,11940,monthly,147.5262234228729,1770.3146810744747
A-508199,False,0.4460100253336008,Medium,Basic,FinTech,0,0,monthly,0.0,0.0
A-f03140,False,0.7219661129635889,High,Pro,DevTools,0,0,annual,0.0,0.0
A-410e86,False,0.5310914384109467,Medium,Basic,FinTech,4776,57312,monthly,2536.492709850682,30437.91251820818
A-fa2041,False,0.4451876452021731,Medium,Pro,HealthTech,0,0,annual,0.0,0.0
A-de58ca,False,0.1522930459464349,Low,Enterprise,HealthTech,7164,85968,annual,1091.0273811602597,13092.328573923114
A-05d3b3,False,0.5996597223931205,Medium,Basic,DevTools,3781,45372,annual,2267.3134103683888,27207.76092442066
A-249769,True,0.6820932310981321,Medium,Enterprise,Cybersecurity,133,1596,annual,90.71839973605158,1088.620796832619
A-e43bf7,False,0.0512555374397692,Low,Pro,Cybersecurity,8756,105072,annual,448.79348582261906,5385.521829871429
A-eb2fdc,True,0.6876036803488287,Medium,Enterprise,DevTools,589,7068,annual,404.9985677254601,4859.982812705521
A-e1462e,False,0.3396257805567065,Medium,Basic,FinTech,285,3420,annual,96.79334745866136,1161.5201695039361
A-cab532,False,0.6259661949060816,Medium,Pro,DevTools,1715,20580,annual,1073.53202426393,12882.38429116716
A-9123ac,False,0.1733144250176465,Low,Pro,Cybersecurity,3582,42984,annual,620.8122704132097,7449.747244958517
A-6e08f3,False,0.5304589283153119,Medium,Basic,Cybersecurity,247,2964,annual,131.02335529388205,1572.2802635265846
A-d922bf,True,0.5088138020547308,Medium,Basic,HealthTech,1791,21492,annual,911.2855194800229,10935.426233760274
A-8ed5dd,True,0.2901414648328463,Low,Enterprise,EdTech,285,3420,monthly,82.69031747736119,992.2838097283344
A-7c6b6b,False,0.5256443478540036,Medium,Basic,FinTech,1127,13524,monthly,592.4011800314621,7108.814160377545
A-3c1a3f,False,0.6183304415085173,Medium,Pro,DevTools,133,1596,annual,82.2379487206328,986.8553846475937
A-b48f73,False,0.4103844080505853,Medium,Pro,EdTech,3920,47040,annual,1608.7068795582943,19304.48255469953
A-76fa4d,False,0.6089975180307745,Medium,Pro,HealthTech,3381,40572,monthly,2059.0206084620486,24708.247301544583
A-b2af2e,False,0.3617486640056668,Medium,Enterprise,Cybersecurity,1026,12312,annual,371.1541292698141,4453.849551237769
A-9bfc9f,False,0.2333565638883304,Low,Pro,DevTools,2940,35280,monthly,686.0682978316913,8232.819573980296
A-4ae22a,True,0.668145278823708,Medium,Pro,EdTech,532,6384,annual,355.45328833421263,4265.439460010552
A-fda07f,False,0.4881008975686521,Medium,Basic,Cybersecurity,266,3192,monthly,129.83483875326147,1558.0180650391376
A-de24d5,False,0.7318372008506175,High,Enterprise,DevTools,245,2940,monthly,179.3001142084013,2151.6013705008154
A-977ca0,True,0.4826257169769452,Medium,Basic,HealthTech,686,8232,annual,331.0812418461844,3972.9749021542125
A-ab438f,True,0.5101325965345793,Medium,Enterprise,Cybersecurity,0,0,monthly,0.0,0.0
A-e89151,True,0.213454447507037,Low,Pro,FinTech,8756,105072,annual,1869.0071423716158,22428.08570845939
A-40906c,False,0.3620310787806189,Medium,Basic,EdTech,4508,54096,annual,1632.03610314303,19584.43323771636
A-81edc3,False,0.4177532141080724,Medium,Basic,Cybersecurity,995,11940,annual,415.66444803753205,4987.973376450384
A-328bd0,False,0.1043763737862457,Low,Enterprise,HealthTech,882,10584,annual,92.05996167946871,1104.7195401536246
A-b3fe05,False,0.3442113025510117,Medium,Pro,Cybersecurity,0,0,annual,0.0,0.0
A-09540c,False,0.3550631577645792,Medium,Basic,Cybersecurity,3283,39396,monthly,1165.6723469411136,13988.068163293363
A-e693b6,True,0.5120776626722031,Medium,Enterprise,FinTech,10945,131340,annual,5604.690017947263,67256.28021536715
A-2446e3,False,0.2451933717822231,Low,Pro,EdTech,5373,64476,monthly,1317.4239865858847,15809.087839030617
A-241e75,False,0.2968239396498763,Low,Enterprise,EdTech,95,1140,monthly,28.19827426673825,338.379291200859
A-922109,False,0.4543893954608756,Medium,Pro,Cybersecurity,0,0,monthly,0.0,0.0
A-ff3c73,False,0.3479354648954608,Medium,Pro,HealthTech,399,4788,annual,138.82625049328885,1665.9150059194662
A-8b0451,False,0.5699248145328342,Medium,Enterprise,FinTech,8159,97908,annual,4650.016561773394,55800.19874128073
A-331424,False,0.4456069391904395,Medium,Basic,DevTools,0,0,monthly,0.0,0.0
A-51ec1b,False,0.1791540935355867,Low,Enterprise,DevTools,3383,40596,annual,606.0782984308898,7272.939581170678
A-bcf664,False,0.493895013381623,Medium,Pro,DevTools,2303,27636,annual,1137.4402158178777,13649.282589814533
A-90a8c8,False,0.3673001015229397,Medium,Pro,FinTech,2985,35820,monthly,1096.390803045975,13156.689636551699
A-86cdb4,False,0.7442357876429259,High,Basic,DevTools,323,3876,monthly,240.38815940866505,2884.6579129039806
A-4bfa33,False,0.7232083228188961,High,Basic,Cybersecurity,0,0,annual,0.0,0.0
A-dbc825,False,0.3868433745935525,Medium,Enterprise,EdTech,361,4332,annual,139.65045822827244,1675.8054987392695
A-c70870,False,0.5662179048828078,Medium,Basic,Cybersecurity,4606,55272,annual,2607.9996698902128,31295.99603868255
A-7c4956,True,0.5516129744667913,Medium,Enterprise,DevTools,513,6156,annual,282.9774559014639,3395.729470817567
A-0651a4,False,0.6288646618569458,Medium,Pro,HealthTech,12935,155220,annual,8134.364401119594,97612.37281343513
A-3ce5b8,True,0.4227392936673591,Medium,Basic,FinTech,0,0,annual,0.0,0.0
A-bd4708,False,0.6162970580183472,Medium,Pro,FinTech,7363,88356,monthly,4537.795238189091,54453.54285826909
A-993085,False,0.2036919223295583,Low,Basic,HealthTech,8358,100296,monthly,1702.4570868304481,20429.485041965378
A-92a3af,False,0.2324659220364608,Low,Enterprise,Cybersecurity,1225,14700,monthly,284.77075449466446,3417.2490539359737
A-151c9a,False,0.5784951416172304,Medium,Enterprise,FinTech,2548,30576,monthly,1474.005620840703,17688.067450088434
A-474ad4,False,0.3461576960077506,Medium,Basic,EdTech,4776,57312,annual,1653.2491561330169,19838.9898735962
A-4ef964,False,0.5403668307716889,Medium,Pro,HealthTech,1372,16464,monthly,741.3832918187571,8896.599501825087
A-fd9422,False,0.5354080829374257,Medium,Pro,Cybersecurity,2842,34104,annual,1521.6297717081638,18259.557260497964
A-0baac2,True,0.2853221897348545,Low,Enterprise,FinTech,2786,33432,monthly,794.9076206013046,9538.891447215656
A-bb1486,False,0.406016422684959,Medium,Basic,HealthTech,3283,39396,annual,1332.9519156747206,15995.422988096645
A-560d27,False,0.2651725099687093,Low,Pro,DevTools,0,0,annual,0.0,0.0
A-0b0d6d,False,0.1203212530277217,Low,Pro,DevTools,1029,12348,annual,123.81056936552564,1485.7268323863075
A-2789e3,False,0.4426691102626509,Medium,Enterprise,FinTech,0,0,monthly,0.0,0.0
A-b07346,True,0.4654797612651018,Medium,Pro,HealthTech,0,0,annual,0.0,0.0
A-902ef7,True,0.4127785005429144,Medium,Enterprise,HealthTech,1577,18924,annual,650.951695356176,7811.420344274112
A-20736a,False,0.154740453492113,Low,Enterprise,EdTech,9950,119400,annual,1539.6675122465242,18476.01014695829
A-e4bf56,True,0.6746725453091122,Medium,Pro,HealthTech,4378,52536,monthly,2953.7164033632935,35444.59684035952
A-cea1f0,True,0.6871362017639342,Medium,Pro,FinTech,1592,19104,annual,1093.9208332081832,13127.049998498198
A-ef84cf,False,0.4726603805143506,Medium,Enterprise,EdTech,152,1824,monthly,71.84437783818129,862.1325340581756
A-d49cc5,False,0.2366663154903057,Low,Basic,Cybersecurity,950,11400,monthly,224.8329997157904,2697.995996589485
A-67be94,False,0.2333335486568999,Low,Enterprise,EdTech,1274,15288,monthly,297.2669409888905,3567.2032918666855
A-4e960a,True,0.6061357669807363,Medium,Enterprise,FinTech,228,2736,monthly,138.1989548716079,1658.3874584592947
A-c37cab,False,0.590756107741062,Medium,Pro,Cybersecurity,437,5244,annual,258.1604190828441,3097.925028994129
A-533452,False,0.4147933949474355,Medium,Pro,DevTools,988,11856,annual,409.81587420806625,4917.790490496795
A-443b7c,True,0.6609814300802578,Medium,Enterprise,Cybersecurity,152,1824,annual,100.46917737219918,1205.6301284663903
A-1f7acb,False,0.3000019301056576,Medium,Basic,FinTech,12736,152832,annual,3820.8245818256555,45849.89498190786
A-f51f16,False,0.2638033646462916,Low,Enterprise,HealthTech,38,456,annual,10.024527856559082,120.29433427870897
A-5a3eb9,False,0.4945144927776913,Medium,Enterprise,DevTools,882,10584,annual,436.1617826299237,5233.941391559085
A-5f2961,False,0.3968286332770794,Medium,Basic,HealthTech,304,3648,annual,120.63590451623213,1447.6308541947856
A-417d2f,False,0.3328799022696011,Medium,Pro,Cybersecurity,1617,19404,monthly,538.266801969945,6459.20162363934
A-e98302,False,0.3735723851581407,Medium,Enterprise,EdTech,2842,34104,annual,1061.6927186194357,12740.31262343323
A-8bde0c,False,0.5681167562918263,Medium,Basic,DevTools,2388,28656,monthly,1356.6628140248813,16279.953768298576
A-bcf87c,True,0.6297472864381738,Medium,Pro,FinTech,3383,40596,monthly,2130.4350700203418,25565.220840244103
A-54ecc2,False,0.1103800853639807,Low,Enterprise,Cybersecurity,5572,66864,monthly,615.0378356481004,7380.454027777205
A-625d0b,False,0.3205428746131383,Medium,Basic,EdTech,1791,21492,annual,574.0922884321307,6889.107461185568
A-fce879,True,0.3408988985417773,Medium,Pro,EdTech,399,4788,annual,136.01866051816913,1632.2239262180296
A-b07b56,True,0.7920385518561157,High,Pro,DevTools,0,0,annual,0.0,0.0
A-6da850,False,0.1477944521839105,Low,Pro,FinTech,114,1368,annual,16.848567548965796,202.18281058758956
A-342303,False,0.4186426800876738,Medium,Pro,EdTech,0,0,annual,0.0,0.0
A-e7a1e2,False,0.6174610670369826,Medium,Enterprise,Cybersecurity,8756,105072,annual,5406.489102975819,64877.86923570983
A-f1f639,False,0.1411701778539755,Low,Basic,EdTech,1791,21492,monthly,252.83578853647015,3034.0294624376415
A-a865bd,False,0.2575694862215033,Low,Pro,Cybersecurity,2744,32928,monthly,706.770670191805,8481.24804230166
A-4e631b,False,0.4449888474684311,Medium,Enterprise,FinTech,418,5016,annual,186.0053382418042,2232.0640589016502
A-7f6b86,True,0.6756451715592013,Medium,Basic,HealthTech,855,10260,annual,577.6766216831171,6932.119460197406
A-8adedc,True,0.5011001348116801,Medium,Basic,EdTech,3332,39984,annual,1669.6656491925182,20035.98779031022
A-2edab2,False,0.4950488644891395,Medium,Enterprise,HealthTech,833,9996,monthly,412.3757041194532,4948.508449433439
A-149a69,False,0.4055351877740026,Medium,Basic,DevTools,646,7752,monthly,261.97573130200567,3143.708775624068
A-a6d261,False,0.3403517402519169,Medium,Pro,FinTech,247,2964,annual,84.06687984222347,1008.8025581066817
A-443f6f,False,0.4971736598161148,Medium,Basic,Cybersecurity,931,11172,monthly,462.86867728880287,5554.424127465634
A-202b67,False,0.3378253852246706,Medium,Pro,HealthTech,5771,69252,monthly,1949.590298131574,23395.083577578887
A-00bed1,False,0.4196494791419874,Medium,Basic,Cybersecurity,5572,66864,annual,2338.286897779154,28059.442773349845
A-ffc04f,False,0.2420837574957258,Low,Pro,EdTech,247,2964,monthly,59.79468810144427,717.5362572173312
A-65c341,False,0.3131744387182794,Medium,Pro,FinTech,1911,22932,monthly,598.4763523906319,7181.716228687583
A-dcc2f0,False,0.4834867257318748,Medium,Basic,FinTech,608,7296,annual,293.9599292449799,3527.5191509397587
A-ced9aa,False,0.6410429477924943,Medium,Enterprise,DevTools,147,1764,annual,94.23331332549665,1130.79975990596
A-3d957b,False,0.185734212872888,Low,Pro,HealthTech,2786,33432,annual,517.455517063866,6209.4662047663915
A-89ee83,True,0.4623598316379102,Medium,Pro,Cybersecurity,3582,42984,monthly,1656.1729169269945,19874.075003123933
A-883b7d,False,0.4761461906492935,Medium,Basic,Cybersecurity,9950,119400,annual,4737.65459696047,56851.855163525644
A-dcc3f1,False,0.6020483810220844,Medium,Pro,HealthTech,399,4788,annual,240.21730402781165,2882.6076483337397
A-c62e55,False,0.3955889586032144,Medium,Basic,EdTech,686,8232,annual,271.3740256018051,3256.488307221661
A-e4144b,False,0.5667752903426756,Medium,Pro,EdTech,8159,97908,annual,4624.3195939058905,55491.83512687068
A-e40f45,False,0.4456886525825867,Medium,Pro,HealthTech,399,4788,monthly,177.8297723804521,2133.9572685654252
A-96215d,False,0.6032775568903692,Medium,Enterprise,FinTech,490,5880,annual,295.6060028762809,3547.272034515371
A-2b9d3e,False,0.1918599918246542,Low,Enterprise,EdTech,398,4776,monthly,76.36027674621238,916.3233209545485
A-b7724f,False,0.8370463196292433,High,Basic,HealthTech,551,6612,monthly,461.21252211571306,5534.550265388556
A-310452,False,0.7877316540456811,High,Enterprise,DevTools,441,5292,annual,347.38965943414536,4168.675913209745
A-eb1312,False,0.4141914685999211,Medium,Pro,FinTech,475,5700,annual,196.74094758496253,2360.89137101955
A-df1e44,False,0.2331095043770127,Low,Enterprise,Cybersecurity,588,7056,monthly,137.06838857368348,1644.8206628842015
A-6a7c9d,True,0.4860870638788193,Medium,Enterprise,Cybersecurity,1274,15288,annual,619.2749193816157,7431.299032579389
A-cbd1a3,True,0.7612558698094443,High,Basic,DevTools,380,4560,annual,289.2772305275888,3471.3267663310658
A-a8d89d,False,0.3506553123323484,Medium,Pro,EdTech,323,3876,annual,113.26166588334854,1359.1399906001825
A-600734,True,0.5134337961197082,Medium,Pro,DevTools,1764,21168,monthly,905.6972163551652,10868.366596261983
A-86fc1d,False,0.5640236492419591,Medium,Basic,DevTools,0,0,monthly,0.0,0.0
A-78f02b,False,0.5159961635713622,Medium,Enterprise,HealthTech,539,6468,annual,278.1219321649642,3337.463185979571
A-acb7f7,False,0.4985833683833418,Medium,Basic,EdTech,608,7296,annual,303.1386879770718,3637.6642557248615
A-712f1c,True,0.6430246709167105,Medium,Basic,DevTools,833,9996,annual,535.6395508736198,6427.674610483437
A-3793ee,False,0.2253081962198601,Low,Enterprise,Cybersecurity,9751,117012,monthly,2196.9802213398557,26363.76265607827
A-9a532a,False,0.2407533712004781,Low,Enterprise,HealthTech,2189,26268,monthly,527.0091295578466,6324.109554694159
A-2ebb4b,False,0.3139105126530585,Medium,Basic,HealthTech,2009,24108,monthly,630.6462199199946,7567.754639039935
A-6843f2,False,0.5554943412994079,Medium,Enterprise,HealthTech,1127,13524,annual,626.0421226444327,7512.505471733192
A-c9bb3e,False,0.2540984562817858,Low,Pro,EdTech,190,2280,monthly,48.2787066935393,579.3444803224716
A-4814a3,True,0.4882468080529038,Medium,Basic,Cybersecurity,4263,51156,monthly,2081.396142729529,24976.753712754347
A-b7b7b7,True,0.6380240988742555,Medium,Basic,FinTech,1176,14112,annual,750.3163402761245,9003.796083313493
A-ccc747,True,0.6424065482321081,Medium,Pro,HealthTech,304,3648,annual,195.29159066256085,2343.4990879507304
A-bb3bd4,False,0.5134310514651265,Medium,Basic,HealthTech,437,5244,annual,224.36936949026025,2692.4324338831234
A-09316c,False,0.4235703837545422,Medium,Enterprise,FinTech,13930,167160,annual,5900.335445700773,70804.02534840927
A-96bbc6,False,0.539333310670646,Medium,Enterprise,Cybersecurity,741,8892,monthly,399.6459832069487,4795.751798483385
A-bc4d48,False,0.4559619290790069,Medium,Pro,EdTech,665,7980,annual,303.2146828375396,3638.576194050475
A-b30291,True,0.7788620813894452,High,Basic,HealthTech,245,2940,annual,190.8212099404141,2289.854519284969
A-cdf020,False,0.2301484848811169,Low,Pro,DevTools,2156,25872,monthly,496.200133403688,5954.401600844256
A-e6afc1,False,0.316586230854428,Medium,Pro,DevTools,0,0,monthly,0.0,0.0
A-e3bd71,False,0.4011978330014295,Medium,Basic,Cybersecurity,1519,18228,annual,609.4195083291714,7313.034099950058
A-b179bf,False,0.5317505983293338,Medium,Basic,Cybersecurity,0,0,annual,0.0,0.0
A-098560,True,0.5390655312807512,Medium,Enterprise,DevTools,796,9552,monthly,429.0961628994779,5149.1539547937355
A-82861f,False,0.2970799687661877,Low,Basic,DevTools,8159,97908,annual,2423.8754651633253,29086.505581959904
A-94c3cd,False,0.2370801317453109,Low,Enterprise,FinTech,6368,76416,monthly,1509.7262789541398,18116.715347449677
A-a33200,False,0.4930558399638362,Medium,Basic,HealthTech,551,6612,monthly,271.67376782007375,3260.085213840885
A-034368,False,0.3407994397187597,Medium,Enterprise,EdTech,4577,54924,monthly,1559.8390355927631,18718.068427113158
A-b54c01,False,0.4967331356072024,Medium,Enterprise,DevTools,551,6612,annual,273.69995771956854,3284.3994926348223
A-d82ef9,True,0.5767211514126779,Medium,Basic,EdTech,494,5928,monthly,284.9002487978629,3418.8029855743544
A-bb2f49,False,0.2415974689911775,Low,Pro,Cybersecurity,1372,16464,monthly,331.4717274558955,3977.6607294707464
A-1f559b,True,0.3019034650409653,Medium,Enterprise,HealthTech,190,2280,annual,57.36165835778341,688.3399002934009
A-5a215a,False,0.1703725105461596,Low,Enterprise,EdTech,4263,51156,annual,726.2980124582783,8715.57614949934
A-3f9cc0,False,0.6070935494679996,Medium,Basic,HealthTech,5970,71640,monthly,3624.348490323958,43492.1818838875
A-f9cc74,False,0.713951760517561,High,Enterprise,DevTools,0,0,monthly,0.0,0.0
A-ed510f,False,0.3134142731609151,Medium,Basic,Cybersecurity,2058,24696,monthly,645.0065741651632,7740.078889981959
A-5c9849,False,0.3838836000908673,Medium,Basic,EdTech,931,11172,monthly,357.39563168459745,4288.747580215169
A-a7bd4b,False,0.2715970135749491,Low,Enterprise,Cybersecurity,342,4104,monthly,92.88617864263259,1114.6341437115912
A-d4ac0e,False,0.461145722435679,Medium,Basic,DevTools,882,10584,monthly,406.73052718826887,4880.766326259226
A-ffdfd5,True,0.5839138274436809,Medium,Basic,EdTech,147,1764,monthly,85.83533263422109,1030.0239916106532
A-0dbdc6,True,0.7131571584806478,High,Pro,Cybersecurity,2303,27636,annual,1642.4009359809318,19708.811231771182
A-7cfe77,False,0.6072112763886021,Medium,Pro,DevTools,1311,15732,annual,796.0539833454573,9552.647800145487
A-1f0636,False,0.2540940278787674,Low,Pro,EdTech,20895,250740,annual,5309.294712526845,63711.53655032213
A-40de06,True,0.4588622714669273,Medium,Enterprise,Cybersecurity,532,6384,annual,244.11472842040533,2929.376741044864
A-cb5333,False,0.6103345651317483,Medium,Pro,DevTools,1617,19404,monthly,986.910991818037,11842.931901816444
A-309e54,False,0.7740260421938238,High,Pro,DevTools,285,3420,annual,220.59742202523978,2647.1690643028774
A-6e7827,False,0.7200149829425021,High,Basic,DevTools,833,9996,annual,599.7724807911043,7197.269769493251
A-50bb9f,False,0.3520519364072168,Medium,Pro,Cybersecurity,2646,31752,annual,931.5294237334957,11178.353084801949
A-5fe118,False,0.535969891519457,Medium,Enterprise,Cybersecurity,0,0,monthly,0.0,0.0
A-5247b3,False,0.3237892530902929,Medium,Pro,FinTech,1406,16872,annual,455.2476898449518,5462.972278139421
A-f44180,False,0.320382595038653,Medium,Pro,Cybersecurity,0,0,annual,0.0,0.0
A-c16cf7,False,0.6920104506960875,Medium,Pro,EdTech,665,7980,annual,460.1869497128982,5522.243396554778
A-d42431,False,0.4145457204304097,Medium,Enterprise,FinTech,4378,52536,annual,1814.8811640443337,21778.573968532004
A-6965e1,False,0.7207977297396282,High,Basic,DevTools,247,2964,monthly,178.03703924568816,2136.4444709482577
A-0354fe,False,0.6075464556805543,Medium,Basic,Cybersecurity,0,0,annual,0.0,0.0
A-0a62f5,False,0.2885251614337963,Low,Pro,FinTech,475,5700,monthly,137.04945168105326,1644.5934201726388
A-f5641b,False,0.3853401999054908,Medium,Pro,EdTech,8955,107460,monthly,3450.72149015367,41408.65788184404
A-b44e3e,False,0.2812839264612924,Low,Basic,Cybersecurity,7960,95520,annual,2239.0200546318874,26868.240655582653
A-3b37d9,False,0.5692587970217157,Medium,Enterprise,FinTech,4577,54924,annual,2605.4975139683925,31265.97016762071
A-54d94a,False,0.5696856636313838,Medium,Basic,Cybersecurity,513,6156,annual,292.2487454428999,3506.984945314799
A-7f29a7,False,0.4361513638688804,Medium,Basic,Cybersecurity,779,9348,monthly,339.76191245385786,4077.142949446294
A-089363,False,0.2796664513647312,Low,Basic,FinTech,0,0,annual,0.0,0.0
A-524364,False,0.3131499655211971,Medium,Enterprise,DevTools,0,0,annual,0.0,0.0
A-855a48,False,0.2001401621314604,Low,Pro,EdTech,11940,143280,annual,2389.673535849637,28676.08243019565
A-756192,False,0.2439043315796899,Low,Basic,FinTech,1862,22344,annual,454.1498654013826,5449.798384816591
A-49b828,False,0.2408262809565458,Low,Pro,FinTech,3980,47760,annual,958.4885982070523,11501.863178484627
A-c7ffc2,False,0.5956607974117998,Medium,Pro,Cybersecurity,931,11172,monthly,554.5602023903856,6654.722428684627
A-751c58,False,0.677592030030563,Medium,Basic,FinTech,1349,16188,annual,914.0716485112295,10968.859782134754
A-72799b,True,0.8072872315260086,High,Enterprise,DevTools,2989,35868,annual,2412.9815350312397,28955.778420374874
A-812c5b,True,0.7217323420890435,High,Basic,DevTools,2695,32340,monthly,1945.0686619299722,23340.823943159667
A-69b156,True,0.2793710449633881,Low,Pro,EdTech,152,1824,monthly,42.464398834434995,509.5727860132199
A-075038,False,0.4535356795120817,Medium,Basic,HealthTech,798,9576,monthly,361.92147225064116,4343.057667007694
A-940b8b,False,0.2201525633311286,Low,Basic,HealthTech,0,0,annual,0.0,0.0
A-2d1036,True,0.6010495401309208,Medium,Pro,FinTech,3381,40572,monthly,2032.1484951826433,24385.78194219172
A-0f6450,True,0.618138788880302,Medium,Pro,FinTech,5572,66864,monthly,3444.269331641043,41331.231979692515
A-9affe6,False,0.2149436504613749,Low,Pro,Cybersecurity,1127,13524,monthly,242.24149406996952,2906.897928839634
A-80eeb6,False,0.1921372127591005,Low,Enterprise,Cybersecurity,4378,52536,annual,841.1767174593421,10094.120609512103
A-d4e0d4,False,0.4647999398028244,Medium,Basic,FinTech,23283,279396,annual,10821.93699842916,129863.24398114994
A-c7e58b,False,0.262265894713897,Low,Pro,HealthTech,0,0,monthly,0.0,0.0
A-016043,False,0.4460237248197314,Medium,Basic,EdTech,494,5928,monthly,220.33572006094732,2644.028640731368
A-bbe56f,False,0.1696697789784531,Low,Enterprise,HealthTech,418,5016,annual,70.92196761299338,851.0636113559207
A-7c5768,False,0.3226643048519167,Medium,Enterprise,HealthTech,0,0,monthly,0.0,0.0
A-751bd4,False,0.5943393974374314,Medium,Pro,Cybersecurity,0,0,annual,0.0,0.0
A-4e0e85,False,0.3688304783499241,Medium,Enterprise,DevTools,0,0,annual,0.0,0.0
A-ad3abd,False,0.5376812039911985,Medium,Pro,FinTech,2156,25872,monthly,1159.2406758050238,13910.888109660287
A-e19ff6,False,0.2081388609308031,Low,Enterprise,Cybersecurity,1274,15288,monthly,265.1689088258432,3182.026905910118
A-7920cc,False,0.3394882064212484,Medium,Pro,Cybersecurity,13731,164772,annual,4661.5125623701615,55938.15074844194
A-5a92e7,False,0.2921723721470227,Low,Pro,HealthTech,0,0,monthly,0.0,0.0
A-fdfc91,False,0.1077089816427838,Low,Basic,Cybersecurity,2109,25308,monthly,227.15824228463103,2725.8989074155725
A-1e50e0,True,0.4417507406898508,Medium,Pro,Cybersecurity,3781,45372,annual,1670.259550548326,20043.11460657991
A-1e1b80,False,0.2067004089286319,Low,Enterprise,FinTech,950,11400,annual,196.3653884822003,2356.3846617864037
A-659280,True,0.6022732637475611,Medium,Enterprise,FinTech,0,0,annual,0.0,0.0
A-f6b2fb,False,0.4976900937233482,Medium,Basic,DevTools,437,5244,monthly,217.49057095710316,2609.886851485238
A-cb6cc6,False,0.774301012883644,High,Basic,DevTools,1225,14700,monthly,948.5187407824639,11382.224889389567
A-d62e02,False,0.4012740515752418,Medium,Pro,Cybersecurity,1194,14328,monthly,479.12121758083873,5749.454610970065
A-d535f6,True,0.6135602742116198,Medium,Basic,DevTools,0,0,monthly,0.0,0.0
A-39868b,False,0.3879062660926721,Medium,Pro,FinTech,0,0,annual,0.0,0.0
A-3cc791,False,0.2022246963682653,Low,Enterprise,EdTech,1764,21168,monthly,356.72436439361996,4280.69237272344
A-337bc1,False,0.1844183899698248,Low,Pro,Cybersecurity,0,0,annual,0.0,0.0
A-58b9ff,False,0.5487976654737026,Medium,Enterprise,DevTools,1617,19404,monthly,887.405825070977,10648.869900851725
A-bf7919,False,0.4648969018432109,Medium,Pro,HealthTech,0,0,annual,0.0,0.0
A-1d5444,True,0.5159515298781653,Medium,Basic,Cybersecurity,0,0,annual,0.0,0.0
A-0f3e88,True,0.9056877183627547,High,Basic,HealthTech,343,4116,monthly,310.65088739842486,3727.8106487810987
A-7641d3,True,0.5840057171409786,Medium,Pro,EdTech,190,2280,annual,110.96108625678593,1331.5330350814313
A-cd458b,False,0.7883532104942629,High,Basic,DevTools,1990,23880,monthly,1568.8228888835831,18825.874666603
A-c16b88,False,0.4076141464052931,Medium,Enterprise,HealthTech,4577,54924,annual,1865.6499480970265,22387.799377164316
A-59f724,False,0.4591092877507169,Medium,Enterprise,HealthTech,342,4104,monthly,157.01537641074518,1884.1845169289422
A-87aa7b,False,0.4148643481290827,Medium,Pro,HealthTech,2499,29988,monthly,1036.7460059745777,12440.952071694932
A-1e6fc3,False,0.1698097602219711,Low,Pro,EdTech,199,2388,annual,33.79214228417225,405.50570741006703
A-39ddf4,False,0.3513742779126556,Medium,Enterprise,EdTech,7960,95520,monthly,2796.9392521847385,33563.27102621686
A-34ea2f,True,0.7336776419112648,High,Enterprise,HealthTech,3184,38208,annual,2336.029611845467,28032.355342145605
A-716841,False,0.438583900438565,Medium,Pro,FinTech,8955,107460,monthly,3927.5188284273495,47130.22594112819
A-558c72,False,0.1975683634851771,Low,Basic,FinTech,735,8820,annual,145.21274716160517,1742.5529659392619
A-b11cd0,True,0.3253601210197701,Medium,Pro,DevTools,1274,15288,annual,414.5087941791871,4974.105530150245
A-cc1d8d,False,0.4917567269849001,Medium,Pro,FinTech,1194,14328,annual,587.1575320199707,7045.8903842396485
A-7f4db3,False,0.4305497690756331,Medium,Pro,FinTech,4776,57312,annual,2056.3056971052238,24675.66836526268
A-db5e9e,False,0.7662147317719518,High,Basic,DevTools,588,7056,annual,450.5342622819076,5406.411147382892
A-cc102e,False,0.2175626570472078,Low,Enterprise,HealthTech,247,2964,annual,53.73797629066033,644.8557154879239
A-82d8a6,False,0.4470667201751419,Medium,Basic,Cybersecurity,245,2940,annual,109.53134644290976,1314.376157314917
A-dec005,False,0.4042055816177015,Medium,Pro,HealthTech,10746,128952,annual,4343.59318006382,52123.118160765844
A-5790f4,False,0.55712384987205,Medium,Pro,FinTech,627,7524,monthly,349.31665386977534,4191.799846437304
A-7c83a1,False,0.4601228137039884,Medium,Pro,Cybersecurity,1176,14112,monthly,541.1044289158904,6493.253146990684
A-297a2d,False,0.0723102441763589,Low,Pro,HealthTech,5373,64476,annual,388.52294195957637,4662.275303514916
A-4c56c9,True,0.6073449120145933,Medium,Enterprise,FinTech,342,4104,annual,207.7119599089909,2492.5435189078908
A-cbbe12,False,0.1437416687388744,Low,Enterprise,Cybersecurity,7960,95520,monthly,1144.1836831614403,13730.204197937283
A-4a267b,False,0.3953038191599642,Medium,Pro,FinTech,0,0,annual,0.0,0.0
A-bcbe98,False,0.4620831281387303,Medium,Enterprise,Cybersecurity,874,10488,monthly,403.8606539932503,4846.327847919004
A-427b69,False,0.6766484473453434,Medium,Basic,FinTech,323,3876,monthly,218.55744849254592,2622.6893819105508
A-0be015,False,0.4965536834519375,Medium,Pro,FinTech,0,0,monthly,0.0,0.0
A-054577,False,0.2792250631664389,Low,Basic,EdTech,392,4704,monthly,109.45622476124406,1313.4746971349286
A-bc87bc,False,0.7204516726861689,High,Pro,FinTech,152,1824,monthly,109.50865424829767,1314.1038509795721
A-0f7d77,False,0.5039064115466707,Medium,Pro,FinTech,133,1596,annual,67.01955273570721,804.2346328284865
A-e7beab,False,0.0793704921563537,Low,Enterprise,EdTech,245,2940,monthly,19.445770578306654,233.34924693967986
A-a09355,False,0.4919113455935047,Medium,Basic,FinTech,686,8232,monthly,337.4511830771442,4049.4141969257307
A-31ab9a,False,0.2886425392124785,Low,Pro,FinTech,2786,33432,monthly,804.1581142459652,9649.897370951581
A-0158bb,False,0.4034486638005551,Medium,Basic,FinTech,2205,26460,annual,889.604303680224,10675.251644162689
A-f19b24,False,0.1097075558375594,Low,Pro,Cybersecurity,551,6612,monthly,60.44886326649522,725.3863591979427
A-798a3f,True,0.6510602608937577,Medium,Enterprise,DevTools,2587,31044,monthly,1684.292894932151,20211.51473918581
A-42b791,False,0.5451005273456642,Medium,Pro,FinTech,380,4560,monthly,207.13820039135237,2485.6584046962284
A-068fc6,False,0.4933401536115952,Medium,Enterprise,EdTech,6965,83580,monthly,3436.1141699047607,41233.37003885713
A-6f50ae,True,0.7258263240555851,High,Pro,FinTech,3781,45372,monthly,2744.3493312541673,32932.19197505001
A-a2485e,False,0.5928315562538189,Medium,Pro,FinTech,3383,40596,annual,2005.5491548066693,24066.589857680032
A-bb1eaa,False,0.3641631682042033,Medium,Basic,Cybersecurity,1225,14700,annual,446.09988105014907,5353.198572601788
A-cc98bc,False,0.2969659070693066,Low,Basic,DevTools,0,0,monthly,0.0,0.0
A-d77f4c,False,0.3024227080609938,Medium,Pro,DevTools,196,2352,annual,59.27485077995479,711.2982093594575
A-ccabf0,False,0.3580013048376298,Medium,Pro,HealthTech,0,0,annual,0.0,0.0
A-700ade,False,0.1733846841102325,Low,Enterprise,Cybersecurity,950,11400,monthly,164.71544990472088,1976.5853988566505
A-4a4c2d,False,0.459170515022772,Medium,Enterprise,DevTools,2646,31752,monthly,1214.9651827502548,14579.582193003056
A-b7ef83,False,0.3319324950602672,Medium,Pro,Cybersecurity,588,7056,monthly,195.1763070954371,2342.115685145245
A-e08cd3,False,0.6459825302101287,Medium,Pro,FinTech,1273,15276,annual,822.3357609574939,9868.029131489926
A-19b2c8,False,0.4581135825708253,Medium,Pro,DevTools,3980,47760,monthly,1823.2920586318846,21879.504703582617
A-970c97,False,0.6354260375215298,Medium,Enterprise,HealthTech,931,11172,annual,591.5816409325442,7098.979691190531
A-6dee43,False,0.2519241719522089,Low,Basic,FinTech,0,0,annual,0.0,0.0
A-5ed98d,False,0.6688936873551383,Medium,Basic,DevTools,0,0,annual,0.0,0.0
A-c58f49,False,0.5027552635120378,Medium,Enterprise,EdTech,13930,167160,annual,7003.380820722687,84040.56984867224
A-9c18c4,True,0.3104377188439962,Medium,Pro,HealthTech,2189,26268,monthly,679.5481665495076,8154.577998594092
A-cc8c8f,False,0.4475843774124283,Medium,Enterprise,DevTools,0,0,annual,0.0,0.0
A-5f7781,False,0.6821547374916569,Medium,Pro,DevTools,1078,12936,annual,735.3628070160062,8824.353684192074
A-e1b9cd,True,0.723754425237347,High,Pro,DevTools,1960,23520,monthly,1418.5586734652002,17022.7040815824
A-ac85cd,False,0.3825637374546633,Medium,Enterprise,EdTech,4165,49980,annual,1593.3779664986728,19120.53559798407
A-d792a6,False,0.8166642244168141,High,Enterprise,DevTools,12935,155220,annual,10563.55174283149,126762.62091397788
A-ac9111,False,0.4570415617803309,Medium,Pro,HealthTech,4179,50148,monthly,1909.9766866800028,22919.720240160033
A-18793f,False,0.3410161500320567,Medium,Basic,EdTech,0,0,monthly,0.0,0.0
A-9f0b68,False,0.3572949040858295,Medium,Basic,EdTech,0,0,annual,0.0,0.0
A-d3c88e,False,0.6786576844033151,Medium,Pro,DevTools,3184,38208,monthly,2160.8460671401554,25930.152805681864
A-ccb686,False,0.7297557005055831,High,Basic,DevTools,209,2508,annual,152.51894140566688,1830.2272968680024
A-118f1c,False,0.344440270281896,Medium,Pro,Cybersecurity,6368,76416,annual,2193.395641155114,26320.747693861365
A-0e966d,True,0.5371913106466938,Medium,Basic,FinTech,209,2508,annual,112.272983925159,1347.275807101908
A-b9f5b1,False,0.2192906152292469,Low,Pro,Cybersecurity,2985,35820,annual,654.582486459302,7854.989837511624
A-8ae3fc,False,0.4713491007396893,Medium,Pro,DevTools,380,4560,monthly,179.11265828108193,2149.351899372983
A-55f257,False,0.4836465026695738,Medium,Basic,FinTech,4179,50148,monthly,2021.158734656149,24253.90481587379
A-d26ab4,True,0.5699805691395144,Medium,Basic,DevTools,6567,78804,monthly,3743.0623975391914,44916.748770470294
A-712533,False,0.2276556956557813,Low,Pro,EdTech,882,10584,monthly,200.79232356839913,2409.5078828207893
A-781cc0,False,0.4952077110878964,Medium,Pro,EdTech,228,2736,annual,112.90735812804039,1354.8882975364845
